id,wave2id,response,blockcod,prefectu,prefdist,name,partycod,defense,nuclear,treaty,attack,un,smallgov,woman,lifetime,publicen,keynes,consump1,decentra,cities,ideology,website,website2,bulletin,bulleti2,comehome,national,local
1,2,1,1,1,1,横路孝弘,2,5,1,4,5,3,5,2,2,3,2,3,2,3,3,1,3,1,2,3,1,1
2,8,1,1,1,2,吉川貴盛,1,2,1,3,3,1,3,3,4,3,2,4,1,1,11,0,0,1,2,3,1,1
3,11,1,1,1,3,荒井聡,2,3,1,3,2,1,3,2,3,3,1,4,1,2,7,1,3,1,2,3,0,0
4,12,1,1,1,4,佐藤静雄,1,2,1,3,1,2,2,2,1,2,3,3,2,2,10,1,5,1,2,3,1,1
5,17,1,1,1,5,町村信孝,1,2,2,1,2,1,1,3,4,3,5,1,2,1,8,1,3,1,2,3.5,1,1
6,19,1,1,1,6,佐々木秀典,2,5,1,5,5,3,3,2,3,2,2,5,3,4,3,0,0,1,2,3,1,1
7,1031,1,1,1,7,金田英行,1,2,1,2,4,1,4,2,3,2,2,3,1,1,8,0,0,1,2,3,1,1
8,9999,9,1,1,8,.,99,.,.,.,.,.,.,.,.,.,.,.,.,.,.,.,.,.,.,.,.,.
9,30,1,1,1,9,鳩山由紀夫,2,3,1,3,3,2,3,3,4,3,4,2,1,2,6,1,3,1,3,3,1,1
10,33,1,1,1,10,小平忠正,2,1,1,2,2,1,5,1,3,1,2,5,2,3,7,0,0,1,2,3,0,0
11,35,0,1,1,11,中川昭一,1,.,.,.,.,.,.,.,.,.,.,.,.,.,.,.,.,.,.,.,.,.
12,39,1,1,1,12,武部勤,1,2,1,2,2,1,2,1,4,3,3,2,1,2,3,1,1,1,2,3,0,0
13,22,0,1,1,13,北村直人,1,.,.,.,.,.,.,.,.,.,.,.,.,.,.,.,.,.,.,.,.,.
14,42,0,2,2,1,津島雄二,1,.,.,.,.,.,.,.,.,.,.,.,.,.,.,.,.,.,.,.,.,.
15,9999,9,2,2,2,.,99,.,.,.,.,.,.,.,.,.,.,.,.,.,.,.,.,.,.,.,.,.
16,50,0,2,2,3,大島理森,1,.,.,.,.,.,.,.,.,.,.,.,.,.,.,.,.,.,.,.,.,.
17,55,1,2,2,4,木村太郎,1,1,1,2,3,1,3,3,2,2,2,3,1,1,8,1,5,1,4,3,1,1
18,57,1,2,3,1,達増拓也,4,2,2,2,2,1,4,2,3,3,2,3,1,2,8,1,3,1,3,3,1,1
19,63,0,2,3,2,鈴木俊一,1,.,.,.,.,.,.,.,.,.,.,.,.,.,.,.,.,.,.,.,.,.
20,65,1,2,3,3,黄川田徹,4,3,1,3,3,1,3,2,3,2,2,3,2,2,4,1,4,1,2,3,1,1
21,67,1,2,3,4,小沢一郎,4,9,9,9,9,9,9,9,9,9,9,9,9,9,1,1,2,1,2,5,1,1
22,72,1,2,4,1,今野東,2,5,1,3,5,2,3,3,3,2,3,3,2,4,3,1,2,1,2,3,1,1
23,75,1,2,4,2,鎌田さゆり,2,2,1,4,5,2,2,2,3,5,4,4,1,1,5,1,1,1,1,1,1,1
24,9999,0,2,4,3,三塚博,1,.,.,.,.,.,.,.,.,.,.,.,.,.,.,.,.,.,.,.,.,.
25,85,0,2,4,4,伊藤信太郎,1,.,.,.,.,.,.,.,.,.,.,.,.,.,.,.,.,.,.,.,.,.
26,88,1,2,4,5,安住淳,2,2,1,3,1,3,4,2,2,2,3,3,1,1,7,1,3,1,4,3,1,1
27,92,1,2,4,6,大石正光,2,3,1,4,4,1,2,3,4,3,4,4,1,1,4,1,9,1,2,2,1,1
28,1039,0,2,5,1,二田孝治,1,.,.,.,.,.,.,.,.,.,.,.,.,.,.,.,.,.,.,.,.,.
29,99,0,2,5,2,野呂田芳成,1,.,.,.,.,.,.,.,.,.,.,.,.,.,.,.,.,.,.,.,.,.
30,102,1,2,5,3,村岡兼造,1,3,2,2,2,2,3,3,4,2,2,3,3,2,4,1,5,1,5,3,1,1
31,107,0,2,6,1,鹿野道彦,11,.,.,.,.,.,.,.,.,.,.,.,.,.,.,.,.,.,.,.,.,.
32,109,1,2,6,2,遠藤武彦,1,1,1,2,2,1,2,2,4,2,3,2,1,1,7,1,4,1,3,3,1,1
33,9999,0,2,6,3,近岡理一郎,1,.,.,.,.,.,.,.,.,.,.,.,.,.,.,.,.,.,.,.,.,.
34,111,1,2,6,4,斎藤淳,2,3,1,3,4,2,4,2,3,2,2,2,2,3,5,1,2,1,1,2,1,1
35,115,1,2,7,1,佐藤剛男,1,1,1,1,1,1,5,1,2,1,1,5,1,1,5,1,4,1,2,3,1,1
36,120,0,2,7,2,根本匠,1,.,.,.,.,.,.,.,.,.,.,.,.,.,.,.,.,.,.,.,.,.
37,123,1,2,7,3,玄葉光一郎,2,3,1,2,3,2,3,2,3,3,3,4,1,3,5,1,4,1,3,3,1,1
38,124,0,2,7,4,渡部恒三,8,.,.,.,.,.,.,.,.,.,.,.,.,.,.,.,.,.,.,.,.,.
39,1038,1,2,7,5,吉野正芳,1,3,1,3,3,1,4,3,3,2,3,3,2,2,8,1,4,1,2,2,1,1
40,133,1,3,8,1,赤城徳彦,1,9,9,9,9,9,5,2,4,2,2,5,2,2,6,1,3,0,0,3,1,1
41,134,0,3,8,2,額賀福志郎,1,.,.,.,.,.,.,.,.,.,.,.,.,.,.,.,.,.,.,.,.,.
42,9999,1,3,8,3,葉梨信行,1,2,2,2,3,2,4,4,2,2,2,2,2,2,8,0,0,1,2,1,1,1
43,140,1,3,8,4,梶山弘志,1,2,1,1,3,1,3,3,2,2,2,3,2,2,6.5,1,4,1,2,2,1,1
44,145,1,3,8,5,大畠章宏,2,3,1,3,3,1,3,2,3,3,3,4,1,1,5,1,3,1,2,3,1,1
45,148,0,3,8,6,丹羽雄哉,1,.,.,.,.,.,.,.,.,.,.,.,.,.,.,.,.,.,.,.,.,.
46,151,1,3,8,7,永岡洋治,1,1,4,3,1,2,4,3,2,2,1,3,3,1,8,1,3,1,5,9,1,1
47,153,1,3,9,1,水島広子,2,5,1,4,5,2,3,1,3,3,3,4,1,3,5,1,2,1,1,2,1,1
48,1054,1,3,9,2,西川公也,1,1,1,2,5,1,3,2,4,1,1,4,1,1,6,1,4,1,3,3,1,1
49,158,1,3,9,3,渡辺喜美,1,9,9,9,9,9,9,9,9,9,9,9,9,9,11,9,9,9,9,9,0,0
50,161,1,3,9,4,佐藤勉,1,2,1,1,2,1,3,3,3,2,2,3,2,2,8,1,5,1,3,1,1,1
51,164,1,3,9,5,茂木敏充,1,3,1,2,4,1,3,2,4,3,3,4,2,2,5,1,3,1,2,3,1,1
52,1052,1,3,10,1,佐田玄一郎,1,9,9,2,3,3,3,2,2,1,1,4,1,1,8,1,1,1,4,2,1,1
53,173,1,3,10,2,笹川尭,1,1,1,2,1,1,3,4,3,2,1,4,1,1,11,1,1,1,3,3,1,1
54,175,1,3,10,3,谷津義男,1,4,1,2,2,1,2,4,3,9,1,5,2,1,3,1,5,1,3,1,1,1
55,178,0,3,10,4,福田康夫,1,.,.,.,.,.,.,.,.,.,.,.,.,.,.,.,.,.,.,.,.,.
56,181,1,3,10,5,小渕優子,1,2,2,2,4,3,3,3,3,2,2,3,2,2,8,1,3,1,4,2,1,1
57,187,1,3,11,1,武正公一,2,2,1,2,2,2,2,2,3,4,4,4,2,2,8,1,2,1,3,2,1,1
58,188,1,3,11,2,新藤義孝,1,2,1,3,2,1,3,3,4,4,4,4,1,1,5,1,2,1,2,3,1,1
59,193,1,3,11,3,細川律夫,2,5,1,5,5,2,4,1,3,5,3,5,1,3,11,1,4,1,1,2,1,1
60,9999,1,3,11,4,上田清司,2,1,3,1,5,2,3,2,3,3,2,5,1,2,8,1,3,1,1,3,1,1
61,197,1,3,11,5,枝野幸男,2,2,2,4,5,5,4,3,4,5,5,4,2,5,5,1,2,1,2,3,1,1
62,201,1,3,11,6,大島敦,2,3,1,3,1,3,5,3,3,3,3,5,3,1,6,1,4,1,1,2,1,1
63,206,1,3,11,7,中野清,1,3,1,2,3,2,3,3,2,2,1,4,3,2,6,1,4,1,2,1,1,1
64,209,1,3,11,8,木下厚,2,2,1,1,1,1,2,5,3,2,4,5,1,1,7,1,3,1,1,1,1,1
65,213,1,3,11,9,大野松茂,1,4,1,3,1,1,3,3,2,2,4,3,1,1,6,1,4,1,5,1,1,1
66,216,1,3,11,10,山口泰明,1,2,1,1,3,1,3,4,3,1,2,2,1,1,8,1,5,1,2,1,1,1
67,217,0,3,11,11,小泉龍司,1,.,.,.,.,.,.,.,.,.,.,.,.,.,.,.,.,.,.,.,.,.
68,1053,1,3,11,12,小島敏男,1,1,1,1,3,2,4,3,2,3,1,2,1,1,7,1,9,1,4,2,1,1
69,224,1,3,11,13,土屋品子,1,2,1,4,2,2,2,5,5,4,4,2,1,1,6,1,4,1,2,3,1,1
70,228,1,3,11,14,三ツ林隆志,1,1,1,1,1,2,3,3,5,2,4,2,2,2,8,1,5,1,3,1,0,0
71,330,1,4,12,1,臼井日出男,1,3,1,3,3,1,3,3,2,2,1,2,2,2,7,1,4,1,2,1,1,1
72,332,1,4,12,2,永田寿康,2,3,1,3,2,2,1,3,4,5,5,2,1,1,8,1,3,0,0,2,1,1
73,338,1,4,12,3,松野博一,1,2,2,3,2,3,4,3,3,2,3,4,2,2,7,1,4,1,3,2,1,1
74,339,1,4,12,4,野田佳彦,2,2,1,3,4,1,3,2,3,5,5,4,1,1,8,1,2,1,0.5,3,1,1
75,345,1,4,12,5,田中甲,9,3,1,4,3,3,4,3,3,3,5,3,1,2,4,1,3,1,2,2,1,1
76,347,1,4,12,6,生方幸夫,2,4,1,5,5,3,4,2,3,4,2,3,3,3,1,1,1,1,5,1,1,1
77,9999,1,4,12,7,松本和那,1,1,3,2,2,2,3,2,2,3,2,3,1,1,4,1,5,1,3,3,1,1
78,365,1,4,12,8,長浜博行,2,3,1,3,3,3,2,2,4,4,4,3,2,1,6,1,2,1,1,2,1,1
79,357,1,4,12,9,水野賢一,1,2,1,2,3,1,4,3,3,4,4,5,1,3,6,1,4,1,2,2,1,1
80,360,1,4,12,10,林幹雄,1,1,1,2,2,1,5,9,4,2,4,5,1,1,7,1,3,1,2,3,1,1
81,364,1,4,12,11,森英介,1,3,3,3,3,3,2,3,2,2,2,2,3,2,8,1,5,0,0,2,1,1
82,1070,0,4,12,12,中村正三郎,1,.,.,.,.,.,.,.,.,.,.,.,.,.,.,.,.,.,.,.,.,.
83,236,1,5,13,1,海江田万里,2,9,9,9,9,9,9,9,9,9,9,9,1,2,6,1,2,9,9,1,1,1
84,242,1,5,13,2,中山義活,2,2,2,3,1,1,3,3,3,3,1,3,1,1,8,9,9,1,2,1,1,1
85,246,1,5,13,3,松原仁,2,3,2,2,2,1,5,3,2,4,1,5,1,1,3,1,3.5,1,3,1,1,1
86,9999,1,5,13,4,森田健作,1,1,3,1,3,1,3,2,2,2,1,2,1,1,9,0,0,0,0,2,1,1
87,252,1,5,13,5,手塚仁雄,2,4,1,4,4,1,3,1,4,4,4,2,1,2,3,1,1,0,0,2,1,1
88,258,1,5,13,6,小宮山洋子,2,3,1,3,3,2,4,1,3,4,3,3,3,3,4.5,1,1,1,2,2,1,1
89,259,1,5,13,7,長妻昭,2,1,1,3,3,3,4,3,5,4,5,5,1,1,11,1,2,1,1,1,1,1
90,265,0,5,13,8,石原伸晃,1,.,.,.,.,.,.,.,.,.,.,.,.,.,.,.,.,.,.,.,.,.
91,270,1,5,13,9,吉田公一,2,3,2,2,1,1,1,3,3,3,4,5,1,1,8,1,3,1,2,1,1,1
92,274,1,5,13,10,小林興起,1,1,1,2,1,1,3,1,1,3,1,4,1,1,5,1,1,1,1,1,1,1
93,278,1,5,13,11,下村博文,1,3,1,3,1,1,2,3,3,3,3,2,1,1,7,1,4,1,1,1,1,1
94,1082,1,5,13,12,八代英太,1,2,2,4,3,1,3,3,2,3,3,3,2,1,8,1,1,1,2,1,1,1
95,284,1,5,13,13,鴨下一郎,1,2,3,2,2,1,2,2,3,2,2,3,2,1,7,1,4,1,2,1,1,1
96,288,1,5,13,14,西川太一郎,7,3,1,2,3,2,4,3,3,2,2,3,2,2,11,1,5,1,4,1,1,1
97,291,1,5,13,15,柿沢弘治,8,2,3,3,2,1,3,2,4,5,2,2,1,1,7,1,3,1,3,1,1,1
98,295,1,5,13,16,宇田川芳雄,8,1,1,1,1,1,4,5,3,2,2,4,1,2,5,1,4,1,2,1,1,1
99,297,1,5,13,17,平沢勝栄,1,2,1,3,2,1,3,3,4,4,3,4,1,1,11,1,3,1,2,1,1,1
100,302,1,5,13,18,菅直人,2,3,1,3,4,1,4,2,4,4,3,5,1,2,5,1,1,1,2,1,1,0
101,306,0,5,13,19,末松義規,2,.,.,.,.,.,.,.,.,.,.,.,.,.,.,.,.,.,.,.,.,.
102,308,1,5,13,20,加藤公一,2,3,1,3,3,4,2,4,3,5,5,5,2,2,5,1,1,1,1,1,1,1
103,312,1,5,13,21,川田悦子,11,5,1,5,5,4,5,2,3,2,4,4,2,4,2,1,1,1,2,1,1,1
104,316,1,5,13,22,山花郁夫,2,4,1,3,5,3,3,1,5,4,5,3,1,3,3,1,3,1,2,9,1,0
105,320,1,5,13,23,伊藤公介,1,1,1,9,2,1,4,3,4,1,4,5,1,1,8,1,3,1,2,1,1,1
106,324,1,5,13,24,阿久津幸彦,2,2,1,3,5,1,3,1,4,3,3,5,3,5,5,1,2,1,5,2,1,1
107,9999,1,5,13,25,石川要三,1,4,1,3,3,3,2,4,4,3,5,4,1,1,6,1,9,0,0,1,1,1
108,374,1,4,14,1,佐藤謙一郎,2,5,1,4,4,1,9,9,3,9,4,5,2,4,11,1,1,0,0,9,1,1
109,377,1,4,14,2,菅義偉,1,3,1,2,1,1,1,2,3,4,2,2,1,1,3,1,9,1,1,1,1,1
110,384,1,4,14,3,小此木八郎,1,1,1,1,2,1,3,3,3,3,1,1,1,9,8,1,5,1,2,1,1,1
111,388,1,4,14,4,大石尚子,2,2,1,3,2,1,3,2,3,4,3,5,1,2,6,0,0,1,1,2,1,1
112,391,1,4,14,5,田中慶秋,2,3,1,2,2,1,3,2,3,3,2,5,2,1,3,1,3,1,1,1,1,1
113,392,1,4,14,6,池田元久,2,4,1,4,3,2,3,3,3,3,2,4,2,2,11,1,5,1,2,1,1,1
114,397,1,4,14,7,鈴木恒夫,1,4,1,4,5,2,2,3,3,3,3,2,3,3,3,1,6,1,1,1,1,1
115,400,1,4,14,8,江田憲司,11,3,1,2,2,1,3,2,4,4,4,3,1,1,5.5,1,2,1,2,2,1,1
116,9999,9,4,14,9,.,99,.,.,.,.,.,.,.,.,.,.,.,.,.,.,.,.,.,.,.,.,.
117,408,1,4,14,10,田中和徳,1,1,1,1,2,1,1,3,4,3,4,2,2,1,7,1,4,1,1,1,1,1
118,413,0,4,14,11,小泉純一郎,1,.,.,.,.,.,.,.,.,.,.,.,.,.,.,.,.,.,.,.,.,.
119,1071,1,4,14,12,江崎洋一郎,7,2,2,2,3,1,2,3,4,3,3,2,1,1,8,1,9,1,1,2,1,1
120,421,1,4,14,13,甘利明,1,3,1,1,2,1,4,3,2,3,2,3,1,1,7,1,3,1,4.5,3,1,1
121,426,1,4,14,14,藤井裕久,4,3,1,3,4,1,5,2,4,3,4,5,4,1,5,1,4,1,2,2,1,1
122,429,1,4,14,15,河野太郎,1,3,1,3,3,1,9,3,9,4,5,5,1,1,11,1,1,1,2,1,1,1
123,431,1,4,14,16,亀井善之,1,1,1,3,2,1,3,2,3,2,4,5,1,1,8,1,3,1,3,3,1,1
124,435,1,4,14,17,河野洋平,1,3,1,3,5,3,5,2,2,2,1,3,1,3,6,1,9,1,2,1,1,1
128,454,1,6,15,1,吉田六左エ門,1,9,9,9,9,1,5,1,1,1,1,9,1,1,11,1,1,1,1,3,1,1
129,456,1,6,15,2,近藤基彦,1,1,1,2,3,1,3,2,5,2,2,3,2,1,6,1,4,1,2,3,1,1
130,462,1,6,15,3,稲葉大和,1,1,1,4,5,3,4,5,3,1,2,1,1,2,10,1,4,1,3,3,1,1
131,465,1,6,15,4,栗原博久,1,3,1,1,3,1,5,5,3,1,1,2,5,2,7,0,0,1,3,2,1,1
132,468,1,6,15,5,星野行男,1,1,1,3,1,1,2,4,1,1,1,5,1,2,8,9,9,1,2,2,1,1
133,470,1,6,15,6,筒井信隆,2,4,1,5,4,1,4,1,4,2,2,5,1,2,5,1,2,1,2,2,1,1
134,474,0,6,16,1,長勢甚遠,1,.,.,.,.,.,.,.,.,.,.,.,.,.,.,.,.,.,.,.,.,.
135,480,0,6,16,2,宮腰光寛,1,.,.,.,.,.,.,.,.,.,.,.,.,.,.,.,.,.,.,.,.,.
136,481,0,6,16,3,綿貫民輔,1,.,.,.,.,.,.,.,.,.,.,.,.,.,.,.,.,.,.,.,.,.
137,486,1,6,17,1,馳浩,1,1,1,1,2,2,2,4,4,3,2,2,1,2,8,1,1,1,2,3,1,1
138,487,0,6,17,2,森喜朗,1,.,.,.,.,.,.,.,.,.,.,.,.,.,.,.,.,.,.,.,.,.
139,490,1,6,17,3,瓦力,1,2,1,1,3,2,2,3,3,2,2,3,2,1,7,1,4,1,2,3,1,1
140,493,1,6,18,1,松宮勲,1,2,1,3,3,2,4,2,3,3,2,3,2,2,7,1,4,1,2,3,1,1
141,9999,1,6,18,2,牧野隆守,1,1,3,1,3,1,5,3,3,1,1,3,1,2,4,0,0,0,0,2,1,1
142,501,1,6,18,3,高木毅,1,1,1,3,2,1,2,3,3,2,4,4,1,1,8,1,2,1,4,3,1,1
125,445,1,4,19,1,小沢鋭仁,2,3,1,3,3,2,3,3,4,4,4,4,2,2,8,1,2,1,1.5,2,1,1
126,447,0,4,19,2,堀内光雄,1,.,.,.,.,.,.,.,.,.,.,.,.,.,.,.,.,.,.,.,.,.
127,451,1,4,19,3,保坂武,11,2,1,2,3,1,3,3,2,2,2,3,2,1,9,1,5,1,4,3,0,0
143,504,1,6,20,1,小坂憲次,1,1,3,2,3,1,3,2,3,2,2,3,2,1,6,1,3,1,2,3,1,1
144,509,1,6,20,2,村井仁,1,3,1,1,3,1,3,2,3,1,1,5,3,3,7,1,3,1,1,3,1,1
145,512,1,6,20,3,羽田孜,2,5,1,5,9,5,3,3,2,4,2,4,2,3,11,1,4,1,2,3,0,1
146,514,1,6,20,4,後藤茂之,11,2,1,2,2,1,2,1,3,2,4,5,1,2,6,1,3,1,2,2,1,1
147,9999,1,6,20,5,宮下創平,1,3,9,1,2,1,3,3,3,2,2,3,2,2,5,0,0,1,3,3,1,1
148,524,1,7,21,1,野田聖子,1,3,1,3,3,1,2,2,3,3,2,2,2,1,8,1,3,1,4,3,1,1
149,527,1,7,21,2,棚橋泰文,1,2,2,2,1,2,4,2,2,3,3,3,3,3,5,1,4,1,2,2,1,1
150,529,1,7,21,3,武藤嘉文,1,3,3,3,2,1,3,4,3,2,1,1,3,4,7,1,9,1,2,3,1,1
151,1091,1,7,21,4,金子一義,1,2,2,3,2,2,4,3,2,2,2,2,2,2,8,1,3,1,5,3,1,1
152,535,1,7,21,5,古屋圭司,1,1,1,3,2,1,9,2,3,3,1,3,3,2,8,1,3,1,9,3,1,0
153,539,1,7,22,1,上川陽子,1,3,1,3,3,1,3,3,3,4,4,3,1,3,5.5,1,3,1,2,1,1,1
154,9999,0,7,22,2,原田昇左右,1,.,.,.,.,.,.,.,.,.,.,.,.,.,.,.,.,.,.,.,.,.
155,547,1,7,22,3,柳沢伯夫,1,1,1,5,3,1,4,1,2,4,5,3,1,2,8,0,0,1,3,3,1,1
156,548,1,7,22,4,望月義夫,1,2,1,3,3,3,3,2,3,2,3,3,2,2,6,0,0,1,4,3,1,1
157,553,1,7,22,5,斉藤斗志二,1,1,1,1,2,1,4,3,2,1,1,4,1,2,7,1,3,1,1,2,1,1
158,555,1,7,22,6,渡辺周,2,1,3,3,1,1,3,4,3,4,3,4,1,1,8,1,1,1,5,2,1,1
159,552,1,7,22,7,細野豪志,2,1,1,2,2,1,4,4,3,3,3,4,1,2,11,1,1,1,0.5,3,1,1
160,563,1,7,22,8,鈴木康友,2,2,2,3,3,1,2,9,3,4,4,3,1,1,11,1,2,1,1,3,1,1
161,560,0,7,22,9,熊谷弘,7,.,.,.,.,.,.,.,.,.,.,.,.,.,.,.,.,.,.,.,.,.
162,566,1,7,23,1,河村たかし,2,3,1,3,3,9,9,3,3,3,9,5,9,4,11,1,5,1,2,2,1,1
163,568,1,7,23,2,古川元久,2,9,9,9,9,9,9,9,9,9,9,9,9,9,11,1,1,1,2,3,1,1
164,571,1,7,23,3,近藤昭一,2,5,1,3,5,3,4,2,3,4,2,5,1,3,3,1,2,1,2,1.5,1,1
165,575,1,7,23,4,牧義夫,2,3,3,2,2,1,3,4,2,4,4,4,1,2,8,1,4,1,2,3,1,1
166,579,1,7,23,5,赤松広隆,2,5,1,5,5,5,5,2,1,3,3,5,1,1,1,1,4,1,1,3,1,1
167,583,1,7,23,6,前田雄吉,2,2,3,2,2,1,3,3,2,2,3,4,2,2,6,1,5,1,2,2,1,1
168,584,0,7,23,7,小林憲司,2,.,.,.,.,.,.,.,.,.,.,.,.,.,.,.,.,.,.,.,.,.
169,590,1,7,23,8,大木浩,1,3,1,3,3,2,3,2,4,4,2,3,2,3,11,1,5,1,3,3,1,1
170,591,1,7,23,9,海部俊樹,7,1,1,1,1,1,2,3,2,2,1,2,1,1,11,1,4,1,2,4,1,1
171,597,1,7,23,10,佐藤観樹,2,3,1,3,4,2,4,2,4,4,5,3,1,1,1,1,3,1,2,3,1,1
172,9999,0,7,23,11,伊藤英成,2,.,.,.,.,.,.,.,.,.,.,.,.,.,.,.,.,.,.,.,.,.
173,600,1,7,23,12,杉浦正健,1,1,1,1,5,5,1,5,3,1,3,5,1,1,7,1,3,1,1,3,1,1
174,603,1,7,23,13,大村秀章,1,2,1,2,2,2,3,2,3,4,1,3,1,1,11,1,3,1,2,3,1,1
175,607,1,7,23,14,浅野勝人,1,2,1,2,3,1,3,2,3,2,1,3,2,1,7,1,4,1,2,3,1,1
176,611,1,7,23,15,山本明彦,1,2,1,3,5,1,3,1,2,1,2,3,2,1,8,1,4,1,1,3,1,1
177,614,0,7,24,1,川崎二郎,1,.,.,.,.,.,.,.,.,.,.,.,.,.,.,.,.,.,.,.,.,.
178,616,1,7,24,2,中川正春,2,5,1,3,3,2,4,2,3,4,4,2,2,2,3,1,3.5,1,5,3,1,1
179,618,0,7,24,3,岡田克也,2,.,.,.,.,.,.,.,.,.,.,.,.,.,.,.,.,.,.,.,.,.
180,621,1,7,24,4,田村憲久,1,2,1,2,3,1,3,9,3,3,4,9,2,2,6,1,5,1,3,2,1,1
181,9999,0,7,24,5,藤波孝生,11,.,.,.,.,.,.,.,.,.,.,.,.,.,.,.,.,.,.,.,.,.
182,630,1,8,25,1,川端達夫,2,2,1,3,3,2,4,3,2,3,2,3,2,3,5,1,3,1,2,2,1,1
183,632,1,8,25,2,小西理,1,1,1,3,3,1,3,3,5,2,1,4,1,2,5,1,1,1,1,3,1,1
184,639,1,8,25,3,岩永峯一,1,1,1,2,3,1,3,2,2,3,3,5,1,1,8,1,3,1,3,3,1,1
185,644,1,8,26,1,伊吹文明,1,2,3,3,3,2,3,3,1,4,2,2,2,2,9,1,4,1,1,3,1,1
186,645,1,8,26,2,前原誠司,2,1,1,2,1,2,4,5,4,5,4,4,1,2,6,1,4,1,3,3,1,1
187,649,1,8,26,3,奥山茂彦,1,2,1,3,2,2,2,2,4,3,2,2,2,2,8,1,1,1,3,3,1,1
188,9999,1,8,26,4,野中広務,1,5,1,3,3,1,3,1,5,1,1,3,1,1,6,0,0,1,3,3,1,1
189,655,1,8,26,5,谷垣禎一,1,3,1,3,3,1,3,3,3,3,3,3,2,2,9,1,5,1,4,4,1,1
190,659,1,8,26,6,菱田嘉明,1,2,1,3,2,2,4,2,2,2,2,3,1,1,8,1,4,1,4,2,1,1
191,660,1,8,27,1,中馬弘毅,1,4,1,3,5,3,2,3,3,4,1,2,1,1,4,1,4,1,1,3,1,1
192,664,1,8,27,2,左藤章,1,1,1,3,2,3,3,2,4,3,2,3,2,2,7,1,4,1,3,3,1,1
193,667,1,8,27,3,田端正広,3,2,1,2,5,1,3,2,3,2,2,4,2,2,6,1,2,1,2,3,1,1
194,9999,0,8,27,4,中山正暉,1,.,.,.,.,.,.,.,.,.,.,.,.,.,.,.,.,.,.,.,.,.
195,673,1,8,27,5,谷口隆義,3,3,1,3,3,2,3,3,4,3,4,4,2,2,7,1,4,1,3,3,1,1
196,677,1,8,27,6,福島豊,3,3,1,3,3,1,3,3,3,3,4,3,2,2,4,1,2,1,2,2,1,1
197,682,1,8,27,7,藤村修,2,2,1,3,5,1,2,3,3,2,3,4,1,2,6,1,3,1,2,3,0,0
198,684,1,8,27,8,中野寛成,2,3,1,3,3,1,4,2,3,4,2,4,2,1,5,1,4,1,3,3,1,1
199,689,1,8,27,9,大谷信盛,2,2,1,2,3,1,3,2,4,4,4,3,1,2,6,1,4,1,1,2,1,1
200,693,1,8,27,10,松浪健太,1,4,1,2,2,1,2,3,4,2,2,5,1,1,3,1,4,1,1,3,1,1
201,696,1,8,27,11,平野博文,2,2,1,3,3,1,3,4,3,3,2,3,1,1,11,1,4,1,1,3,1,1
202,700,1,8,27,12,樽床伸二,2,3,3,3,2,1,2,4,5,4,5,3,1,2,6,1,4,1,2,3,1,0
203,9999,1,8,27,13,塩川正十郎,1,2,3,2,1,1,4,4,4,4,5,4,2,1,5,1,4,0,0,3,1,1
204,706,1,8,27,14,谷畑孝,1,2,1,2,2,2,3,2,3,2,2,4,2,3,5,1,4,1,1,3,1,1
205,710,1,8,27,15,竹本直一,1,3,1,2,3,1,3,3,1,2,1,3,2,4,7,1,3,1,2,3,1,1
206,712,1,8,27,16,北側一雄,3,3,1,1,5,1,5,3,3,5,1,5,1,1,11,1,5,1,3,3,1,1
207,715,0,8,27,17,岡下信子,1,.,.,.,.,.,.,.,.,.,.,.,.,.,.,.,.,.,.,.,.,.
208,718,1,8,27,18,中山太郎,1,2,1,2,3,1,4,3,4,2,2,3,1,1,8,1,3,0,0,3,1,1
209,722,1,8,27,19,松浪健四郎,7,2,1,2,1,1,3,3,3,2,2,3,2,2,8,1,4,1,1,3,1,1
210,728,1,8,28,1,石井一,2,3,2,3,4,1,4,3,3,3,3,3,2,1,7,1,4,1,2,3,1,1
211,729,1,8,28,2,赤羽一嘉,3,3,1,3,4,2,4,2,2,3,2,4,3,1,6,1,4,1,2,3,1,1
212,734,1,8,28,3,土肥隆一,2,3,1,3,1,4,5,2,3,5,1,5,1,1,3,1,3,1,3,3,1,1
213,737,1,8,28,4,井上喜一,7,9,9,1,9,1,9,9,9,9,9,9,1,1,11,0,0,1,2,3,1,1
214,9999,1,8,28,5,谷洋一,1,1,1,1,1,1,3,5,3,1,1,1,1,1,10,1,5,1,4,3,1,1
215,1107,1,8,28,6,小池百合子,1,3,3,3,1,1,3,4,3,4,3,3,1,1,11,1,2,1,2,3,1,1
216,745,0,8,28,7,土井たか子,6,.,.,.,.,.,.,.,.,.,.,.,.,.,.,.,.,.,.,.,.,.
217,748,1,8,28,8,冬柴鉄三,3,3,1,2,4,1,4,3,4,2,4,3,1,1,5,1,2,1,2,3,1,1
218,755,1,8,28,9,宮本一三,1,1,2,1,2,1,2,3,3,1,1,1,3,1,9,1,4,1,3,3,1,1
219,756,1,8,28,10,渡海紀三朗,1,2,1,2,2,3,4,9,2,2,2,9,1,1,6,1,4,1,2,3,1,1
220,761,1,8,28,11,松本剛明,2,1,1,3,4,2,4,2,4,3,3,2,2,2,11,1,4,1,2,2,1,1
221,763,1,8,28,12,山口壮,8,9,2,9,5,9,9,9,3,3,9,9,1,3,11,1,1,1,2,2,1,1
222,1106,1,8,29,1,森岡正宏,1,1,1,1,1,1,2,5,5,3,4,5,1,1,8,1,3,1,2,3,1,1
223,769,1,8,29,2,滝実,1,2,1,2,3,2,3,2,2,3,2,4,1,1,8,1,4,1,1,4,1,1
224,9999,1,8,29,3,奥野誠亮,1,3,1,1,4,1,3,3,2,3,3,2,2,2,11,0,0,1,1,4,1,1
225,777,1,8,29,4,田野瀬良太郎,1,3,1,2,3,1,2,1,3,3,5,4,3,1,3,1,5,1,4,3,1,1
226,779,1,8,30,1,谷本龍哉,1,1,1,1,3,1,2,4,4,2,4,3,1,1,3,1,2,1,2,3,1,1
227,781,1,8,30,2,石田真敏,1,2,1,1,2,2,2,3,3,2,4,3,2,1,5,1,3.5,1,1,3,1,1
228,783,0,8,30,3,二階俊博,7,.,.,.,.,.,.,.,.,.,.,.,.,.,.,.,.,.,.,.,.,.
229,786,1,9,31,1,石破茂,1,9,9,9,9,9,9,9,9,9,9,9,9,9,8,1,5,1,5,4,1,1
230,790,1,9,31,2,相沢英之,1,2,1,2,1,1,5,3,1,1,1,5,2,1,8,1,4,1,4,3,1,1
231,792,0,9,32,1,細田博之,1,.,.,.,.,.,.,.,.,.,.,.,.,.,.,.,.,.,.,.,.,.
232,795,0,9,32,2,竹下亘,1,.,.,.,.,.,.,.,.,.,.,.,.,.,.,.,.,.,.,.,.,.
233,1119,1,9,32,3,亀井久興,1,2,1,5,5,2,4,4,2,2,2,2,1,2,4,1,9,0,0,3,1,1
234,800,1,9,33,1,逢沢一郎,1,2,3,1,2,1,2,5,3,2,3,5,1,1,3,1,2,1,3,3,1,1
235,802,1,9,33,2,熊代昭彦,1,1,3,2,4,1,5,5,3,5,3,3,1,1,7,1,1,1,5,3,1,1
236,807,0,9,33,3,平沼赳夫,1,.,.,.,.,.,.,.,.,.,.,.,.,.,.,.,.,.,.,.,.,.
237,810,0,9,33,4,橋本龍太郎,1,.,.,.,.,.,.,.,.,.,.,.,.,.,.,.,.,.,.,.,.,.
238,812,1,9,33,5,村田吉隆,1,9,9,9,9,9,1,5,9,9,9,9,9,9,11,1,9,1,3,3,1,1
239,816,1,9,34,1,岸田文雄,1,2,1,2,2,1,3,3,2,2,2,2,3,1,8,1,5,1,2,3,1,1
240,9999,1,9,34,2,粟屋敏信,8,1,1,1,1,1,3,2,2,2,4,2,2,2,9,0,0,0,0,3,1,1
241,823,0,9,34,3,増原義剛,1,.,.,.,.,.,.,.,.,.,.,.,.,.,.,.,.,.,.,.,.,.
242,829,1,9,34,4,中川秀直,1,1,1,1,1,1,1,2,3,3,4,2,1,1,7,1,1,1,1,3.5,1,1
243,832,1,9,34,5,池田行彦,1,3,1,2,3,1,3,2,4,2,1,2,2,2,8,0,0,9,9,4,1,1
244,837,0,9,34,6,亀井静香,1,.,.,.,.,.,.,.,.,.,.,.,.,.,.,.,.,.,.,.,.,.
245,838,0,9,34,7,宮沢洋一,1,.,.,.,.,.,.,.,.,.,.,.,.,.,.,.,.,.,.,.,.,.
246,842,0,9,35,1,高村正彦,1,.,.,.,.,.,.,.,.,.,.,.,.,.,.,.,.,.,.,.,.,.
247,847,1,9,35,2,平岡秀夫,2,3,1,3,5,1,4,3,4,4,4,4,1,2,5,1,1,1,1,3,1,1
248,850,1,9,35,3,河村建夫,1,2,2,3,3,1,9,3,3,2,2,2,2,1,7,1,3,1,2,3,1,1
249,851,0,9,35,4,安倍晋三,1,.,.,.,.,.,.,.,.,.,.,.,.,.,.,.,.,.,.,.,.,.
250,854,1,10,36,1,仙谷由人,2,4,1,3,4,2,4,2,3,4,4,4,2,2,4,1,3,1,4,3,1,1
251,858,1,10,36,2,山口俊一,1,3,2,2,3,1,4,2,3,1,1,2,4,3,6,1,6,1,3,3,0,0
252,861,1,10,36,3,後藤田正純,1,3,1,5,1,1,4,3,3,1,3,3,2,2,4,1,3,1,3,3,1,1
253,863,1,10,37,1,平井卓也,1,2,3,2,2,2,3,2,3,2,2,3,2,2,6,1,1,1,1,3,1,1
254,868,0,10,37,2,木村義雄,1,.,.,.,.,.,.,.,.,.,.,.,.,.,.,.,.,.,.,.,.,.
255,873,1,10,37,3,大野功統,1,3,1,2,2,1,4,3,3,2,1,3,1,1,7,1,3,1,4,3,1,1
256,876,1,10,38,1,塩崎恭久,1,2,1,2,4,1,4,3,4,4,2,2,2,1,5,1,3,1,2,3,1,1
257,881,1,10,38,2,村上誠一郎,1,9,9,9,9,9,9,9,9,9,9,9,9,9,11,1,9,1,4,4,1,1
258,884,0,10,38,3,小野晋也,1,.,.,.,.,.,.,.,.,.,.,.,.,.,.,.,.,.,.,.,.,.
259,889,1,10,38,4,山本公一,1,2,1,3,3,1,2,3,3,2,2,2,1,2,7,1,5,1,5,3,1,1
260,893,1,10,39,1,福井照,1,1,1,3,3,3,5,3,3,1,1,3,5,3,1,1,5,0,0,3,1,1
261,897,1,10,39,2,中谷元,1,1,1,1,1,1,1,1,1,1,3,3,3,1,1,1,1,1,4,3,1,1
262,900,1,10,39,3,山本有二,1,2,3,2,2,1,4,2,4,1,1,2,2,2,3,1,5,1,3,3,1,1
263,904,1,11,40,1,松本龍,2,5,1,3,4,3,3,3,2,3,2,3,2,2,5,9,9,1,2,3,0,0
264,909,1,11,40,2,山崎拓,1,2,1,2,3,1,2,2,3,3,4,3,2,1,6,1,4,1,1,3,1,1
265,911,1,11,40,3,太田誠一,1,2,2,2,3,4,3,3,3,3,3,2,3,3,6,1,4,1,3,3,1,1
266,914,1,11,40,4,渡辺具能,1,4,1,2,2,1,9,2,3,4,4,9,2,2,11,1,3,1,3,3,1,1
267,917,1,11,40,5,原田義昭,1,2,1,3,2,1,3,2,3,2,1,4,1,2,8,1,2,1,2,3,1,1
268,920,1,11,40,6,荒巻隆三,1,1,1,3,1,1,5,1,3,1,1,1,1,3,8,0,0,1,2,2,0,0
269,924,0,11,40,7,古賀誠,1,.,.,.,.,.,.,.,.,.,.,.,.,.,.,.,.,.,.,.,.,.
270,926,0,11,40,8,麻生太郎,1,.,.,.,.,.,.,.,.,.,.,.,.,.,.,.,.,.,.,.,.,.
271,930,1,11,40,9,北橋健治,2,3,1,3,3,2,4,1,2,3,2,5,5,2,5,1,2,1,2,3,1,1
272,934,1,11,40,10,自見庄三郎,1,3,2,2,2,1,4,2,3,3,3,4,2,1,6,1,3,1,1,3,1,1
273,938,1,11,40,11,山本幸三,1,2,1,1,2,2,4,2,3,2,2,3,1,2,8,1,4,1,2,3,1,1
274,9999,0,11,41,1,坂井隆憲,11,.,.,.,.,.,.,.,.,.,.,.,.,.,.,.,.,.,.,.,.,.
275,943,1,11,41,2,今村雅弘,1,3,3,3,4,1,2,3,2,2,1,4,2,1,3,1,4,1,3,3,1,1
276,947,0,11,41,3,保利耕輔,1,.,.,.,.,.,.,.,.,.,.,.,.,.,.,.,.,.,.,.,.,.
277,950,1,11,42,1,高木義明,2,3,1,3,3,1,5,3,1,3,1,5,1,1,5,1,5,1,3,3,1,1
278,951,0,11,42,2,久間章生,1,.,.,.,.,.,.,.,.,.,.,.,.,.,.,.,.,.,.,.,.,.
279,9999,1,11,42,3,虎島和夫,1,1,1,2,3,1,4,2,2,1,1,2,1,1,7,1,4,1,4,3,1,1
280,958,1,11,42,4,北村誠吾,1,1,1,3,3,3,3,3,3,3,1,3,3,1,7,1,3,1,3,3,1,1
281,960,1,11,43,1,松野頼久,2,1,3,1,3,4,1,3,3,5,5,3,2,1,7.5,1,4,1,2,2.5,1,1
282,1152,1,11,43,2,野田毅,1,3,3,3,3,3,9,5,3,3,1,9,3,2,7.5,9,9,1,9,3,1,1
283,968,0,11,43,3,松岡利勝,1,.,.,.,.,.,.,.,.,.,.,.,.,.,.,.,.,.,.,.,.,.
284,970,1,11,43,4,園田博之,1,5,1,5,5,3,5,5,3,3,3,2,3,2,7,0,0,0,0,3,1,1
285,975,0,11,43,5,金子恭之,1,.,.,.,.,.,.,.,.,.,.,.,.,.,.,.,.,.,.,.,.,.
286,9999,9,11,44,1,.,99,.,.,.,.,.,.,.,.,.,.,.,.,.,.,.,.,.,.,.,.,.
287,981,1,11,44,2,衛藤征士郎,1,1,9,9,9,9,1,3,3,1,1,1,1,1,3,1,4,1,1,3,1,1
288,985,1,11,44,3,岩屋毅,1,3,3,1,1,2,2,4,4,4,4,3,1,1,8,1,3,1,3,3,1,1
289,983,1,11,44,4,横光克彦,6,3,1,3,3,3,4,2,2,3,2,4,2,3,4,1,4,1,2,3,1,1
290,987,1,11,45,1,中山成彬,1,3,3,2,2,1,3,3,3,2,2,3,3,3,6,1,4,1,2,3,0,0
291,9999,0,11,45,2,江藤隆美,1,.,.,.,.,.,.,.,.,.,.,.,.,.,.,.,.,.,.,.,.,.
292,9999,1,11,45,3,持永和見,1,1,1,3,3,1,3,1,4,1,1,3,3,1,6,1,9,9,9,9,1,1
293,999,1,11,46,1,保岡興治,1,2,2,2,2,2,2,3,3,3,4,4,1,1,8,1,3,1,2,3,1,1
294,1001,1,11,46,2,徳田虎雄,10,5,1,5,5,1,4,3,3,2,2,5,2,2,6,0,0,1,4,3,0,1
295,1004,0,11,46,3,宮路和明,1,.,.,.,.,.,.,.,.,.,.,.,.,.,.,.,.,.,.,.,.,.
296,1006,1,11,46,4,小里貞利,1,3,1,2,2,1,3,2,3,2,3,2,1,1,8,1,4,1,3,3,1,1
297,1011,0,11,46,5,山中貞則,1,.,.,.,.,.,.,.,.,.,.,.,.,.,.,.,.,.,.,.,.,.
298,1014,1,11,47,1,白保台一,3,5,1,4,5,2,4,1,3,2,1,5,2,1,4,1,3,1,3,3,1,1
299,1154,1,11,47,2,仲村正治,1,2,1,2,4,1,4,2,4,1,1,5,3,2,11,1,4,1,4,3,1,1
300,1023,0,11,47,3,東門美津子,6,.,.,.,.,.,.,.,.,.,.,.,.,.,.,.,.,.,.,.,.,.
301,9999,0,1,51,99,鈴木宗男,11,.,.,.,.,.,.,.,.,.,.,.,.,.,.,.,.,.,.,.,.,.
302,29,1,1,51,99,岩倉博文,1,2,1,3,3,1,3,3,2,1,1,2,2,3,9,1,2,1,1,3,1,0
303,9999,1,1,51,99,中沢健次,2,5,1,5,5,1,4,3,1,1,2,5,3,3,2,0,0,1,3,3,0,0
304,27,1,1,51,99,金田誠一,2,5,1,5,5,5,5,1,2,9,4,5,5,5,3,1,3,1,3,3,1,1
305,6,1,1,51,99,三井辨雄,2,3,1,4,2,2,5,3,3,2,2,3,3,3,7,1,2,1,1,3,1,1
306,1035,1,1,51,99,丸谷佳織,3,2,1,4,5,2,3,3,4,3,4,3,2,2,6,1,2,1,3,3,1,1
307,1034,1,1,51,99,児玉健次,5,5,1,5,5,5,4,2,2,3,3,5,4,4,1,1,2,1,1,3,1,1
308,37,1,1,51,99,山内恵子,6,5,1,5,5,5,5,1,2,1,2,5,1,4,2,1,3,1,3,3,1,1
309,122,0,2,52,99,荒井広幸,1,.,.,.,.,.,.,.,.,.,.,.,.,.,.,.,.,.,.,.,.,.
310,1040,1,2,52,99,萩野浩基,1,2,1,3,2,1,5,1,3,2,3,4,1,2,8,1,9,0,0,3,1,1
311,130,1,2,52,99,坂本剛二,1,1,9,1,1,1,9,9,9,9,9,9,1,1,9,1,5,1,2,3,1,1
312,9999,1,2,52,99,熊谷市雄,1,1,1,1,1,1,1,3,4,1,4,2,3,4,10,0,0,1,3,3,1,1
313,1041,1,2,52,99,津島恭一,1,1,3,2,1,1,5,4,3,1,1,3,3,3,10,0,0,1,5,3,1,1
314,9999,1,2,52,99,今田保典,2,2,1,3,3,3,4,3,2,4,2,4,3,2,6,0,0,1,1,3,1,1
315,94,1,2,52,99,佐藤敬夫,7,2,2,2,3,2,4,3,2,9,3,3,1,1,8,9,9,1,2,3,1,1
316,51,1,2,52,99,田名部匡代,2,9,1,2,9,2,9,2,3,3,3,3,1,2,3,1,1,1,2,3,1,1
317,1045,1,2,52,99,井上義久,3,3,1,3,4,1,4,2,3,2,2,5,1,1,4,1,2,1,2,2,1,1
318,62,1,2,52,99,工藤堅太郎,4,3,1,3,3,2,2,3,3,3,2,3,2,2,3,1,5,1,2,3,1,1
319,9999,1,2,52,99,高橋嘉信,4,2,1,2,3,1,3,3,3,3,3,5,9,1,5,0,0,1,4,3,1,1
320,9999,1,2,52,99,石原健太郎,4,3,3,4,5,3,4,3,3,4,4,4,2,2,3,9,9,0,0,2,1,0
321,9999,1,2,52,99,松本善明,5,5,1,5,5,5,5,1,2,9,1,5,5,4,1,1,2,1,1,3,1,1
322,91,1,2,52,99,菅野哲雄,6,5,1,5,5,5,5,2,2,2,2,5,2,5,1,1,4,1,2,3,1,1
323,9999,0,3,53,99,中曽根康弘,1,.,.,.,.,.,.,.,.,.,.,.,.,.,.,.,.,.,.,.,.,.
324,156,1,3,53,99,森山真弓,1,1,1,2,2,1,2,2,3,3,4,5,1,2,6,1,4,1,2,3,1,1
325,9999,0,3,53,99,中山利生,1,.,.,.,.,.,.,.,.,.,.,.,.,.,.,.,.,.,.,.,.,.
326,168,1,3,53,99,尾身幸次,1,2,1,2,4,1,3,3,4,3,3,2,3,3,6,1,5,1,4,4,1,1
327,220,1,3,53,99,増田敏男,1,2,2,2,3,2,3,3,2,3,3,3,3,2,5,1,5,1,2,1,1,1
328,1055,1,3,53,99,蓮実進,1,1,3,1,3,1,3,3,3,3,4,4,1,1,9,1,9,1,3,1,1,1
329,1056,0,3,53,99,植竹繁雄,1,.,.,.,.,.,.,.,.,.,.,.,.,.,.,.,.,.,.,.,.,.
330,183,1,3,53,99,金子善次郎,7,2,2,3,3,1,3,3,3,3,3,3,1,2,6,1,3,1,2,1,1,1
331,155,1,3,53,99,小林守,2,5,1,5,5,1,4,4,4,2,2,2,1,2,3,1,3,1,3,2,1,1
332,9999,1,3,53,99,田並胤明,2,5,1,4,5,1,5,2,2,3,4,3,1,2,3,0,0,1,3,1,1,1
333,139,1,3,53,99,小泉俊明,2,3,2,3,4,2,3,3,3,3,3,5,2,2,7,1,2,1,2,2,1,1
334,211,1,3,53,99,五十嵐文彦,2,2,1,4,3,3,3,4,4,5,5,2,2,2,5,1,4,1,1,3,1,1
335,1048,1,3,53,99,石井啓一,3,3,1,3,3,2,3,2,2,3,3,3,1,1,6,1,3,1,3,2,1,1
336,9999,1,3,53,99,青山二三,3,3,1,3,5,1,3,2,3,2,2,3,1,1,6,1,5,1,4,3,1,1
337,202,1,3,53,99,若松謙維,3,2,1,2,4,1,2,2,4,4,4,3,1,1,6,1,4,1,3,1,1,1
338,163,1,3,53,99,山岡賢次,4,2,1,3,3,1,5,1,3,3,2,5,3,1,3,1,4,1,4,3,1,1
339,225,0,3,53,99,武山百合子,4,.,.,.,.,.,.,.,.,.,.,.,.,.,.,.,.,.,.,.,.,.
340,9999,1,3,53,99,矢島恒夫,5,5,1,5,5,3,5,2,2,3,4,5,4,4,1,1,2,1,1,2,1,1
341,208,1,3,53,99,塩川鉄也,5,5,1,5,5,5,5,9,2,9,3,5,5,5,1,1,3,1,1,1,1,1
342,223,1,3,53,99,日森文尋,6,5,1,5,5,5,5,2,3,3,2,5,4,5,11,1,2,1,2,2,0,0
343,367,1,4,54,99,浜田靖一,1,3,3,3,3,3,2,3,3,1,2,2,4,3,7,1,5,1,3,3,1,1
344,348,1,4,54,99,渡辺博道,1,2,1,3,2,1,3,5,3,2,1,4,2,1,7,1,4,1,3,1,1,1
345,446,1,4,54,99,米田建三,1,1,3,1,1,1,3,3,3,3,3,3,2,1,8,1,3,1,2,2,1,1
346,370,1,4,54,99,実川幸夫,1,2,1,2,2,1,4,3,3,2,2,2,2,2,5,1,4,1,4,2,1,1
347,423,1,4,54,99,中本太衛,1,3,3,3,2,3,2,4,3,3,1,3,2,3,11,1,4,1,3,1,1,1
348,354,1,4,54,99,桜田義孝,1,1,1,1,1,1,3,3,3,3,3,3,1,1,8,1,1,1,1,1,0,0
349,353,1,4,54,99,松崎公昭,2,3,1,4,2,1,4,2,5,5,4,5,1,3,6,1,2,1,1,1,1,1
350,9999,0,4,54,99,葉山峻,2,.,.,.,.,.,.,.,.,.,.,.,.,.,.,.,.,.,.,.,.,.
351,449,1,4,54,99,後藤斎,2,2,1,2,2,1,9,3,1,2,2,3,2,2,7,1,3,1,1,1,1,1
352,378,1,4,54,99,大出彰,2,5,1,5,5,5,5,1,3,2,2,4,1,3,5,1,2,1,1,2,1,1
353,399,1,4,54,99,首藤信彦,2,3,1,4,4,1,4,2,4,4,1,4,1,4,4,1,2,1,2,2,1,1
354,9999,1,4,54,99,永井英慈,2,3,1,3,3,3,5,2,3,3,4,5,1,1,5,1,4,0,0,1,1,1
355,9999,0,4,54,99,市川雄一,3,.,.,.,.,.,.,.,.,.,.,.,.,.,.,.,.,.,.,.,.,.
356,1062,1,4,54,99,河上覃雄,3,3,1,3,3,1,3,3,3,4,1,3,2,1,3,1,9,1,3,2,1,1
357,396,1,4,54,99,上田勇,3,3,1,3,2,2,4,3,4,4,4,3,3,3,7,1,3,1,3,1,1,1
358,439,1,4,54,99,樋高剛,4,2,1,3,3,1,9,3,3,3,2,5,3,1,11,1,2,1,1,2,1,1
359,419,0,4,54,99,土田龍司,4,.,.,.,.,.,.,.,.,.,.,.,.,.,.,.,.,.,.,.,.,.
360,1068,1,4,54,99,志位和夫,5,5,1,5,5,5,5,9,9,9,9,5,5,5,1,1,2,1,2,1,1,1
361,390,1,4,54,99,大森猛,5,5,1,5,5,5,4,2,1,3,3,5,4,4,1,1,2,1,1,2,1,1
362,414,1,4,54,99,阿部知子,6,5,1,5,5,4,4,2,2,3,4,5,1,4,1,1,3,1,1,2,1,1
363,425,1,4,54,99,原陽子,6,5,1,5,5,3,9,9,9,9,9,9,4,9,11,1,1,1,2,1,1,0
364,287,1,5,55,99,松島みどり,1,4,2,3,2,4,2,4,3,5,4,5,2,3,3,1,3,1,2,1,1,1
365,301,1,5,55,99,鳩山邦夫,1,1,1,3,1,2,4,4,3,4,3,2,4,1,8,0,0,1,4,1,1,0
366,314,1,5,55,99,伊藤達也,1,2,1,2,2,1,3,2,3,4,4,3,1,1,7,1,3,1,2,2,1,1
367,9999,0,5,55,99,高橋一郎,1,.,.,.,.,.,.,.,.,.,.,.,.,.,.,.,.,.,.,.,.,.
368,402,1,5,55,99,岩國哲人,2,2,1,4,3,4,5,2,1,2,4,2,1,1,7,1,2,1,2,1,1,1
369,283,1,5,55,99,城島正光,2,3,1,3,3,2,4,2,2,2,2,4,1,2,5.5,1,9,1,2,1,1,1
370,272,1,5,55,99,鮫島宗明,2,2,1,4,4,1,2,3,3,4,2,5,2,2,6,1,3,1,1,2,1,1
371,285,1,5,55,99,井上和雄,2,4,1,4,3,3,4,1,3,3,4,5,1,2,4,1,3,1,3,2,1,1
372,318,1,5,55,99,石毛えい子,2,4,1,5,5,3,4,1,3,3,2,4,2,4,3,1,2,1,3,2,1,1
373,294,1,5,55,99,中津川博郷,2,3,1,1,1,1,3,3,3,2,1,3,2,2,7,1,4,1,0.5,1,1,1
374,279,1,5,55,99,太田昭宏,3,4,1,3,4,2,4,3,3,3,2,5,2,2,6,1,2,1,2,1,1,1
375,1077,1,5,55,99,高木陽介,3,3,1,3,3,2,4,3,3,4,3,4,2,2,11,1,3,1,2,2,1,1
376,290,1,5,55,99,東祥三,4,1,3,2,2,2,2,2,3,2,2,2,2,1,8,1,3,1,1,1,1,1
377,1073,1,5,55,99,鈴木淑夫,4,2,1,3,2,1,5,2,4,4,2,3,2,1,6,1,2,1,1,1,1,1
378,9999,0,5,55,99,不破哲三,5,.,.,.,.,.,.,.,.,.,.,.,.,.,.,.,.,.,.,.,.,.
379,247,1,5,55,99,山口富男,5,5,1,5,5,5,5,2,9,9,9,5,9,9,1,1,1,1,1,1,0,0
380,256,1,5,55,99,保坂展人,6,4,1,4,5,5,5,2,3,3,2,4,1,4,3,1,2,1,2,1,1,1
381,9999,1,6,56,99,高鳥修,1,2,3,2,3,2,4,3,3,2,2,2,2,2,8,0,0,0,0,3,1,1
382,1084,0,6,56,99,萩山教厳,1,.,.,.,.,.,.,.,.,.,.,.,.,.,.,.,.,.,.,.,.,.
383,1085,1,6,56,99,橘康太郎,1,2,2,2,4,2,4,2,2,2,2,2,2,2,7,1,5,1,4,3,1,1
384,513,1,6,56,99,岩崎忠夫,1,3,1,3,3,1,3,3,3,1,1,3,2,1,7,1,4,1,3,2,1,1
385,516,1,6,56,99,堀込征雄,2,2,1,3,4,1,2,3,3,4,3,2,1,2,7,1,3,1,1,3,1,1
386,492,0,6,56,99,桑原豊,2,.,.,.,.,.,.,.,.,.,.,.,.,.,.,.,.,.,.,.,.,.
387,484,0,6,56,99,奥田建,2,.,.,.,.,.,.,.,.,.,.,.,.,.,.,.,.,.,.,.,.,.
388,1088,1,6,56,99,漆原良夫,3,5,1,2,5,1,1,5,5,5,1,5,1,1,5,1,3,1,3,2,1,1
389,489,1,6,56,99,一川保夫,4,3,1,3,2,1,4,4,4,2,2,3,2,2,6,1,3,1,3,3,1,1
390,1090,1,6,56,99,木島日出夫,5,5,1,5,5,3,5,3,1,1,3,5,5,5,1,1,1,1,1,3,1,1
391,510,1,6,56,99,山口わか子,6,9,9,9,9,9,9,9,9,9,9,9,9,9,11,1,3,1,2,2,1,1
392,532,0,7,57,99,藤井孝男,1,.,.,.,.,.,.,.,.,.,.,.,.,.,.,.,.,.,.,.,.,.
393,9999,1,7,57,99,杉山憲夫,1,1,1,1,9,1,3,3,3,1,2,9,1,1,11,1,4,1,6,2,1,1
394,572,0,7,57,99,吉田幸弘,1,.,.,.,.,.,.,.,.,.,.,.,.,.,.,.,.,.,.,.,.,.
395,585,1,7,57,99,青山丘,1,1,2,1,1,1,3,1,3,1,1,3,2,1,8,1,4,1,1,2,1,1
396,567,1,7,57,99,谷田武彦,1,3,1,3,3,1,3,3,4,2,2,2,1,2,6,1,3,1,2,3,1,1
397,578,1,7,57,99,木村隆秀,1,2,2,3,2,2,2,3,3,3,3,2,2,2,8,1,4,1,1,1,1,1
398,1092,1,7,57,99,倉田雅年,1,1,1,2,2,1,3,2,3,2,2,3,1,1,8,1,5,1,3,3,1,1
399,249,0,7,57,99,山谷えり子,7,.,.,.,.,.,.,.,.,.,.,.,.,.,.,.,.,.,.,.,.,.
400,622,1,7,57,99,伊藤忠治,2,4,1,4,3,2,1,2,4,4,4,2,1,1,3,1,6,0,0,3,1,1
401,604,1,7,57,99,島聡,2,2,1,1,2,2,3,2,2,3,3,3,1,1,7,1,3,1,2,3,1,1
402,589,1,7,57,99,伴野豊,2,3,1,3,3,3,3,3,3,3,3,4,3,2,6,1,3,1,5,2,1,1
403,540,1,7,57,99,牧野聖修,2,5,1,3,2,2,4,4,4,4,1,5,2,2,6.5,1,4,1,2,2,0,0
404,9999,1,7,57,99,山村健,11,4,1,4,5,1,2,3,4,3,3,3,2,1,5,1,4,1,2,3,1,1
405,542,1,7,57,99,津川祥吾,2,3,1,3,5,1,3,1,2,2,5,3,1,2,6,1,3,1,2,2,1,1
406,1099,0,7,57,99,坂口力,3,.,.,.,.,.,.,.,.,.,.,.,.,.,.,.,.,.,.,.,.,.
407,1100,1,7,57,99,河合正智,3,3,1,3,3,1,3,3,3,3,4,4,2,1,6,1,4,1,1,3,1,1
408,612,1,7,57,99,中井洽,4,3,1,3,2,1,3,2,3,3,1,3,3,1,4,1,2,1,1,3,1,1
409,610,1,7,57,99,都築譲,4,1,1,1,5,1,5,5,5,1,5,5,5,1,5.5,1,3,1,1,3,1,1
410,1097,1,7,57,99,佐々木憲昭,5,5,1,5,5,5,4,2,1,3,3,5,4,4,1,1,1,1,1,2,1,1
411,576,1,7,57,99,瀬古由起子,5,5,1,5,5,5,5,1,1,3,3,5,5,5,1,1,1,1,1,3,1,1
412,586,1,7,57,99,大島令子,6,5,1,5,5,4,9,9,9,9,9,9,9,9,2,1,3,1,2,3,1,1
413,767,1,8,58,99,高市早苗,1,1,1,2,2,1,2,5,3,2,2,4,1,1,10,1,3,1,2,3,1,1
414,1105,1,8,58,99,柳本卓治,1,1,1,3,1,1,3,1,3,3,3,3,1,3,10,1,9,1,4,3,1,1
415,742,1,8,58,99,阪上善秀,1,1,1,2,1,1,5,3,2,1,1,5,5,3,4,1,4,1,1,2,1,1
416,703,1,8,58,99,西野あきら,1,2,1,2,3,1,5,3,4,1,1,2,1,2,6,1,5,1,2,2,1,1
417,1108,1,8,58,99,林省之介,1,3,3,2,4,1,4,3,3,1,1,3,3,1,7,1,4,1,2,3,1,1
418,727,1,8,58,99,砂田圭佑,1,1,3,5,1,1,4,2,1,3,2,2,1,1,5,1,4,0,0,3,1,1
419,699,1,8,58,99,北川知克,1,3,2,3,4,2,9,3,3,4,4,3,2,3,8,1,5,0,0,2,1,1
420,658,1,8,58,99,山井和則,2,3,1,3,3,2,5,2,3,3,2,4,2,2,5,1,2,1,2,2,1,1
421,9999,1,8,58,99,山元勉,2,5,1,5,5,2,5,3,3,4,3,5,3,2,4,0,0,1,2,3,1,1
422,9999,1,8,58,99,鍵田節哉,2,3,1,3,3,2,1,3,4,2,3,3,2,2,6,1,4,1,2,3,1,1
423,9999,1,8,58,99,家西悟,2,5,1,4,3,2,5,3,3,3,3,4,3,3,11,1,4,1,6,3.5,1,1
424,691,1,8,58,99,肥田美代子,2,9,1,9,9,9,9,1,9,9,9,9,1,9,11,1,4,1,2,3,1,1
425,643,1,8,58,99,玉置一弥,2,2,2,3,2,1,2,5,3,3,1,2,3,1,6,1,3,1,2,3,1,1
426,768,1,8,58,99,中村哲治,2,4,1,3,5,1,2,2,4,5,4,4,1,2,7,1,9,1,1,3,1,1
427,1112,1,8,58,99,池坊保子,3,3,1,3,3,3,3,3,5,4,4,3,1,3,11,1,5,1,4,3,1,1
428,1114,1,8,58,99,西博義,3,3,1,3,3,2,3,2,2,2,2,3,2,1,7,1,4,1,3,3,1,1
429,1116,1,8,58,99,山名靖英,3,2,1,3,5,1,2,3,4,2,3,5,1,1,5,1,3,1,2,3,1,1
430,1113,1,8,58,99,赤松正雄,3,2,1,2,2,1,4,3,4,4,4,2,2,2,6,1,3,0,0,3,1,1
431,1115,1,8,58,99,佐藤茂樹,3,2,1,2,4,1,4,2,4,4,4,5,1,1,6,0,0,1,2,2,1,1
432,717,1,8,58,99,西村真悟,4,3,3,2,1,1,2,4,3,2,1,5,2,3,8,1,3,1,3,3,1,1
433,9999,1,8,58,99,塩田晋,4,1,2,2,2,1,4,3,3,2,2,4,2,1,6,1,5,1,2,3,1,1
434,415,1,8,58,99,中塚一宏,4,3,1,1,3,1,5,2,3,4,5,5,9,2,5,1,1,1,1,1,1,0
435,642,1,8,58,99,穀田恵二,5,5,1,5,5,5,5,2,2,3,3,5,5,5,1,1,2,1,1,3,1,1
436,663,1,8,58,99,石井郁子,5,5,1,5,5,4,5,4,3,3,4,1,5,4,1,1,3,1,2,3,1,1
437,702,1,8,58,99,吉井英勝,5,5,1,5,5,5,5,3,1,1,2,5,3,5,1,1,2,1,9,3,1,1
438,9999,1,8,58,99,藤木洋子,5,5,1,5,5,5,5,2,1,3,3,5,4,4,1,1,3,1,1,3,1,1
439,9999,1,8,58,99,大幡基夫,5,5,1,5,5,5,5,2,2,4,5,5,5,5,1,1,2,1,2,4,1,1
440,743,1,8,58,99,中川智子,6,5,1,5,5,5,5,1,3,2,2,4,2,4,1,1,3,1,2,3,1,1
441,751,1,8,58,99,北川れん子,6,5,1,5,5,5,3,3,2,4,3,5,1,5,11,1,3,1,2,3,1,1
442,773,1,8,58,99,植田至紀,6,5,1,5,5,3,5,2,3,3,1,5,3,3,2,1,2,1,2,3,1,1
443,9999,0,9,59,99,宮沢喜一,1,.,.,.,.,.,.,.,.,.,.,.,.,.,.,.,.,.,.,.,.,.
444,9999,1,9,59,99,林義郎,1,9,9,9,9,9,9,9,9,9,9,9,9,9,8,9,9,9,9,4,1,1
445,1123,1,9,59,99,平林鴻三,1,9,9,9,9,9,9,9,9,9,9,9,9,9,11,9,9,9,9,9,1,0
446,9999,1,9,59,99,谷川和穂,1,9,9,9,9,1,1,9,9,9,9,9,1,9,10,1,3,1,3,3,1,1
447,789,1,9,59,99,山内功,2,4,1,2,5,2,4,1,3,2,2,4,2,2,5,1,4,1,2,3,1,1
448,9999,0,9,59,99,山田敏雅,11,.,.,.,.,.,.,.,.,.,.,.,.,.,.,.,.,.,.,.,.,.
449,1129,1,9,59,99,斉藤鉄夫,3,2,1,3,4,1,4,4,3,2,4,3,2,2,4,1,3,1,4,3,1,1
450,1130,1,9,59,99,桝屋敬悟,3,4,1,4,3,1,3,3,2,3,4,3,1,1,4,1,3,1,3,3,1,1
451,836,0,9,59,99,佐藤公治,4,.,.,.,.,.,.,.,.,.,.,.,.,.,.,.,.,.,.,.,.,.
452,1133,1,9,59,99,中林佳子,5,5,1,5,5,5,5,9,9,9,9,5,9,5,1,1,2,9,9,3,1,1
453,824,1,9,59,99,金子哲夫,6,5,1,5,5,3,5,1,1,2,1,4,2,4,2,1,2,1,2,3,1,1
454,9999,1,10,60,99,西田司,1,2,1,2,3,1,4,4,3,2,3,2,1,1,5,0,0,0,0,4,1,1
455,1138,1,10,60,99,森田一,1,2,1,3,3,1,1,2,4,2,5,2,1,1,8,1,2,1,4,3,0,0
456,855,1,10,60,99,七条明,1,1,1,2,3,2,2,2,2,1,2,4,3,2,7,1,5,1,4,3,0,0
457,894,1,10,60,99,五島正規,2,5,1,4,5,4,5,4,5,4,4,4,4,2,3,1,4,1,3,3,1,1
458,9999,1,10,60,99,遠藤和良,3,3,1,3,5,1,5,5,3,3,2,5,1,1,5,1,1,1,1,3,1,1
459,1136,1,10,60,99,春名なお章,5,5,1,5,5,5,4,2,1,3,3,5,3,4,1,1,1,1,2,3,1,1
460,1013,0,11,61,99,下地幹郎,1,.,.,.,.,.,.,.,.,.,.,.,.,.,.,.,.,.,.,.,.,.
461,1153,0,11,61,99,松下忠洋,1,.,.,.,.,.,.,.,.,.,.,.,.,.,.,.,.,.,.,.,.,.
462,963,1,11,61,99,林田彪,1,2,2,2,2,2,4,3,3,2,2,3,2,2,8,1,4,1,3,2,1,1
463,1155,0,11,61,99,西川京子,1,.,.,.,.,.,.,.,.,.,.,.,.,.,.,.,.,.,.,.,.,.
464,9999,1,11,61,99,堀之内久男,1,1,1,1,1,1,3,4,3,2,5,2,2,2,8,0,0,1,4,3,1,1
465,9999,1,11,61,99,大原一三,1,1,9,1,9,1,2,3,3,3,4,2,1,1,6,1,5,0,0,4,1,0
466,1020,1,11,61,99,嘉数知賢,1,2,1,2,2,1,4,3,3,2,4,4,2,1,8,0,0,1,3,3,1,1
467,941,1,11,61,99,原口一博,2,1,1,1,3,1,4,3,4,4,4,3,2,2,11,1,1,1,0.5,3,1,1
468,997,1,11,61,99,川内博史,2,1,1,5,5,1,5,5,3,1,1,5,1,5,11,1,3,1,1,2,1,1
469,913,1,11,61,99,楢崎欣弥,2,5,1,5,4,1,3,9,4,2,2,4,2,2,4,1,4,1,2,3,1,1
470,986,1,11,61,99,米沢隆,2,1,3,2,3,1,2,5,2,2,3,5,1,1,4,0,0,0,0,3,1,1
471,1145,1,11,61,99,神崎武法,3,4,1,3,5,1,4,3,3,3,2,4,1,2,6,1,2,1,2,4,1,1
472,1146,1,11,61,99,東順治,3,3,1,3,3,1,5,3,2,1,2,3,1,1,7,1,4,1,1,3,1,1
473,1147,1,11,61,99,江田康幸,3,3,1,2,5,1,3,2,3,2,2,3,2,2,6,1,3,1,4,3,1,1
474,455,1,11,61,99,藤島正之,4,1,1,1,1,1,4,5,3,1,1,5,1,1,8,1,3,1,3,3,0,0
475,954,0,11,61,99,山田正彦,4,.,.,.,.,.,.,.,.,.,.,.,.,.,.,.,.,.,.,.,.,.
476,9999,1,11,61,99,小沢和秋,5,5,1,5,5,5,5,1,1,4,5,5,5,4,1,1,2,1,1,3,1,1
477,1012,1,11,61,99,赤嶺政賢,5,5,1,5,5,5,5,2,2,2,9,5,5,5,1,1,3,1,2,3,1,1
478,982,1,11,61,99,重野安正,6,5,1,5,5,1,5,3,1,3,2,5,2,3,3,1,9,1,2,3,1,1
479,9999,1,11,61,99,中西績介,6,5,1,5,5,1,5,5,5,4,1,5,5,3,1,0,0,0,0,3,1,1
480,959,1,11,61,99,今川正美,6,5,1,5,5,5,5,2,1,3,2,5,2,4,1,1,3,1,2,3,1,1
